{"cameraMode":{"drawMode":0,"name":"Shaded","section":"Shading Mode"},"sceneLighting":false,"audioPlay":false,"sceneViewState":{"m_AlwaysRefresh":false,"showFog":true,"showSkybox":false,"showFlares":true,"showImageEffects":true,"showParticleSystems":true,"showVisualEffectGraphs":true,"m_FxEnabled":true},"in2DMode":false,"pivot":{"x":1303.834716796875,"y":480.2738952636719,"z":-203.8571014404297},"rotation":{"x":0.24055232107639314,"y":0.02299252152442932,"z":-0.005687188822776079,"w":0.9703855514526367},"size":129.90383911132813,"orthographic":true}